suresh Srinivas -> suresh
suresh srinivas -> suresh
Suresh -> suresh
vinod k v -> vinodkv
Vinod Kumar Vavilapalli -> vinodkv
Vinod KV -> vinodkv
Vinod K V -> vinodkv
sanjay Radia -> sradia
sanjay radia -> sradia
Sanjay Radio -> sradia
Sanjay Radia -> sradia
Sanjay -> sradia
Sanjay radia -> sradia 
sanjay -> sradia
siddharth seth -> sseth
sid -> sseth
sidharth seth -> sseth
Siddarth Seth -> sseth
Siddharth Seth -> sseth
Arun C Murthy -> acmurthy
Arun C. Murthy -> acmurthy
Arun Murthy -> acmurthy
acmurhty -> acmurthy
Ramya R -> ramya
Enis Soztutar -> enis
Jitendra Nath Pandey -> jitendra
Jitendra Pandey -> jitendra
Jithendra Pandey -> jitendra
Tse Wo (Nicholas) -> szetszwo
Tsz Wo (Nicholas) -> szetszwo
Tsz Wo (Nicholas) Sze -> szetszwo
Tsz Wo Sze -> szetszwo
TszWo (Nicholas) -> szetszwo
Sze -> szetszwo
Steve Loughran -> stevel
Aaron Kimball -> kimballa
Aaron T. Myers -> atm
Ahmed -> Ahmed Radwan
Amar Ramesh Kamat -> amarrk
Amar Kamat -> amarrk
Amareshwari Sri Ramadasu -> amareshwari
Amareshwari Sriramadasu -> amareshwari
Andrew Wang -> Andrew Whang
Devaraj -> ddas
Devaraj Das -> ddas
Eli Collins -> eli
Erik Seffl -> Erik Steffl
Suresh Srinivas -> suresh
daryn -> Daryn Sharp
tlipcon -> todd
tgraves -> Thomas Graves
thomas graves -> Thomas Graves
sharadg -> sharad
lohit vijayarenu -> lohit
druba borthakur -> druba
dick king -> Dick King
devaraj -> ddas
borya -> boryas
ahmed -> Ahmed Radwan
ahmed.radwan -> Ahmed Radwan
ahmed radwan -> Ahmed Radwan 
Zheng Shao -> zshao
Todd Lipcon -> todd
Uma Maheswara Rao -> Uma Maheswara Rao G
V.V. Chaitanya Krishna -> V.V.Chaitanya Krishna
Sharad Agarwal -> sharad
Scott Chen -> schen
SZE -> szetszwo
Robert Joseph Evans -> Robert Evans
Ravi Gummadi -> ravigummadi
Matt Foley -> mattf
Chris Douglas -> cdouglas
Brandon Li vias suresh -> Brandon Li
Colin McCabe -> Colin Patrick McCabe
Luke Lu -> llu
Luke lu -> llu
Thomas White -> tomwhite
